index,address
улица,4835
квартал,2261
проезд,1674
мирзо,1230
улугбекский,1151
юнусабадский,1100
чиланзарский,970
шайхонтохурский,945
учтепинский,937
1,759
ulugbek,758
mirzo,758
махалля,737
яшнободский,714
мирабадский,675
2,652
массив,648
сергелийский,631
алмазарский,531
чилонзор,521
3,452
проспект,445
шайхантахурский,431
4,370
shaykhontohur,353
яккасарайский,335
,287
кафе,286
юнусабад,263
буз1,262
черданцева,262
чиланзар,258
йули,253
школа,233
5,216
сергели,209
тупик,207
актепе,193
ипак,190
бектемирский,187
авиасозлар,187
буюк,186
7,166
куйлюк,156
кукча,147
детский,145
6,144
сад,140
центр,136
каракамыш,134
домбрабад,130
тезиковка,128
биродарлик,128
спутник,124
джарарык,123
абдулла,120
янги,118
8,117
карасу,116
бешкаирагач,116
банк,115
аклан,113
амир,110
темура,109
себзар,108
аптека,105
катта,104
урикзор,104
янгизамон,100
катартал,95
ц1,94
мустакиллик,89
лутфий,84
ц17|ц18,81
ракат,80
бодамзар,79
11,78
ттз,75
кодирий,75
9,73
тахтапуль,72
феруза,71
мукимий,70
клиника,69
мирабад,69
файзобод,69
караташ,68
хасанбай,66
дарвоза,65
отделение,65
камалан|янгикамалан,65
бекобод,65
ахмад,63
кизил,63
улугбека,63
ота,62
навои,62
минор,62
айбек,61
тинчлик,59
поликлиника,59
алмазар,58
ц6,58
чорсу,58
пахтакор,58
пулемас,57
кошкурган,56
ц22,55
коратош,55
хамза,55
фитрат,54
шахрисабз,54
абдурауф,54
ширин,53
шарк,52
октепа,52
дустлик,49
бобура,49
жангох,48
13,47
10,47
лабзак,47
нуравшан,47
19,47
почтовое,46
хирмонтепа,46
кольцевая,45
12,45
новое,45
буз,44
осиё,44
хадра,44
кумарык,44
ц5,43
отель,43
узгариш,43
фуркат,42
актепа,42
академгородок,42
киёт,42
ташкент,41
фархадская,41
23,41
бешкурган,41
филиал,40
самарканд,40
ц14,40
бодомзор,40
14,39
мевазар,39
20,38
чопонота,38
детсад,38
сайрам,38
22,38
панельный,38
ц4,37
каххар,37
25,36
чарх-камалон,36
кашгар,36
колледж,36
махтумкули,36
авиагородок,35
гулистон,35
дарбаза,35
азимова,35
хусан,35
байкаро,35
бешагач,34
кичик,34
дармон,34
рашидова,33
1|4,33
дори,33
хамида,33
чоштепа,33
беруний,32
миробад,32
ц,32
площадь,32
богишамол,31
завод,31
шарафа,31
эски,31
кипчак,31
посольство,31
сторона,31
путь,30
17,30
кушкурган,30
заргарлик,30
юнус,30
ленинский,30
чимбай,29
югнакий,29
хумаюн,29
дониш,29
15,29
фозилтепа,29
18,29
мед,29
саракульская,28
каримова,28
ташсельмаш,28
урда,28
миллий,28
нукус,28
паркент,28
ниёзбек,27
белтепа,27
мойкургон,27
zangiota,26
абу,26
ц7,26
кадышева,26
курилиш,25
26,25
бешкургон,25
курувчилар,25
западная,25
ресторан,24
ислам,24
северный,24
таомлар,24
барака,24
пункт,24
чирчик,24
чинобод,24
стоматология,24
ифтихор,23
али,23
30,23
21,23
гулистан,23
больница,23
олтинтепа,23
мажнунтол,23
садик,23
миробод,23
заркайнар,23
24,23
салон,22
ц13,22
лицей,22
сагбан,22
семейная,22
оккургон,21
ц26,21
новза,21
ташкентский,21
юсуф,21
буньёдкор,21
гульобод,21
кулоктепа,21
юзрабод,21
дархан,21
олимджана,21
бинокор,20
бешкайрогоч,20
ипотека,20
хонобод,20
базар,20
1|1,20
фарм,20
ватан,20
сервис,20
алимкент,20
ц15,20
содикжон,20
зиёлилар,20
окси,19
хамроева,19
аль-хоразми,19
магазин,19
толипова,19
чигатай,19
олой,19
юкори,19
хувайдо,19
шифокор,19
мунис,19
навбахор,18
парк,18
буйи,18
бирлашкан,18
16,18
корзинка,18
халк,18
тараккиёт,18
касса,18
автомобильчи,18
институт,18
гузар,18
канъи,18
кох-ота,17
яхьё,17
халкобод,17
мойкурган,17
гулямов,17
боситхон,17
изза,17
шевченко,17
джаркурганская,17
заравшан,17
кары,16
дийдор,16
ниязова,16
кургонча,16
сайхун,16
олмазор,16
афросиаб,16
почта,16
асака,16
комплекс,16
отчопар,16
уч,16
сино,16
мингбулок,16
диспансер,16
аккурганская,16
мухаммад,15
турон,15
городской,15
карасарай,15
нбу,15
сарбон,15
бар,15
алимджана,15
тарас,15
дом,15
узбекистан,15
2|4,15
мироншох,15
фаргона,15
хосилот,15
истикбол,15
алиева,15
узар,15
турккургон,15
академический,15
ахунбабаева,15
бог,15
гузал,15
контора,15
1|2,15
ош,15
истирохат,15
дурмон,15
ибн,15
дехкон,15
райхон,15
атс,14
мехржон,14
саид,14
гейдара,14
дадил,14
шуртепа,14
нотариальная,14
сарикул,14
chirchiq,14
красоты,14
шокирарык,14
шахзода,14
салар,14
кахрамон,14
лайлитогон,14
шахриобод,14
детская,14
республики,14
матбуотчилар,14
софдил,14
гавхар,14
опорный,14
байналминал,13
сугалли,13
мингурик,13
оханграбо,13
махатмы,13
учебный,13
г9,13
ганди,13
висол,13
ооо,13
богистон,13
абай,13
шоахмедов,13
общество,13
шомахмуд,13
urta,13
лютфий,13
государственная,13
дехконобод,13
слепых,13
маркет,13
ковунчи,13
бельтепа,13
мовароуннахр,13
гани,12
уста,12
лолазор,12
республиканский,12
городская,12
абая,12
kochasi,12
машраб,12
каландар,12
уккоша,12
обирахмат,12
янгитарнов,12
чойхона,12
наккошлык,12
жарарык,12
азамов,12
узбекистон,12
бухара,12
ц2,12
сохил,12
махалласи,12
олмачи,12
чинар,12
максуд,12
трц,12
овози,11
тонг,11
саноат,11
юнусабадскогоа,11
марта,11
участковый,11
чашма,11
хасанбой,11
арык,11
олтинсой,11
иззат,11
лутфкор,11
арнасай,11
тарих,11
старая,11
медицинский,11
аэропорт,11
окбилол,11
шоир,11
мухтор,11
бирлашган,11
переулок,11
садыка,11
табибий,11
шароф,11
т.расулова,11
олтин,11
учувчилар,11
богичинор,11
серкуёш,11
таомлари,11
супермаркет,11
гулсанам,11
хамкор,10
гранд,10
музыкальная,10
shifokorlar,10
шивли,10
хасанов,10
daxasi,10
комитет,10
гагарин,10
нур,10
сулаймон,10
дашнобод,10
мумтоз,10
карвонсарой,10
курувчи,10
ашрафий,10
достлик,10
связи,10
оксой,10
талимаржон,10
банокати,10
шамс,10
кувнок,10
тошкандий,10
эшонхон,10
анорзор,10
gosmi,10
нилюфар,10
хондамир,10
яккачинор,10
tash,10
зангиота,10
макро,10
табассум,9
руставели,9
урикзар,9
мехр,9
тешипкопка,9
фидокор,9
давр,9
чартак,9
саккокий,9
умид,9
бузбозор,9
окдарьё,9
у,9
шота,9
кибрай,9
сарикуль,9
старое,9
гульхани,9
атой,9
улугбек,9
янгишахар,9
музей,9
дентал,9
дильнаво,9
хосият,9
сохибкор,9
налоговая,9
зохидова,9
ялангач,9
замахшари,9
базарчик,9
жилой,9
каттабог,9
жамшид,9
ooo,9
хайробод,9
темур,9
толарык,9
глинка,9
фирдавсий,9
исламабад,9
милиции,9
гостиница,9
келес,9
сергелийскогоа,9
бурханова,9
риштон,8
гульёр,8
кашгари,8
давлатобод,8
орол,8
профессиональный,8
мирабдская,8
аския,8
лочин,8
1|3,8
клиническая,8
столовая,8
савр,8
ровд,8
театр,8
энд,8
бургер,8
доктор,8
шастри,8
эшон,8
рохат,8
турккурган,8
кушчи,8
хакимхон,8
мирхонд,8
гульсарой,8
фарогат,8
норазтепа,8
мини,8
зафар,8
корабулок,8
мураб,8
зал,8
2|1,8
мехригийо,8
промзона,8
чайхана,8
темирйулчилар,8
оймарык,8
нурфайз,8
киркогайни,8
джарарик,8
чагминий,8
кизиларват,8
бешарик,8
пайнет,8
хива,8
хонка,8
шукур,8
амира,8
галаба,8
козитарнов,8
чимкент,8
кинотеатр,8
рынок,8
неъмата,7
навруз,7
истиклол,7
хушнуд,7
зафаробод,7
назарбек,7
учтепинскогоа,7
обихаёт,7
наво,7
таблетка,7
1с,7
жора,7
южная,7
хамал,7
яшнабадский,7
миб,7
чуваланчи,7
дорхантепа,7
узсаноаткурилиш,7
дилькуш,7
корхожиота,7
бий,7
водий,7
уйсозлар,7
29,7
хаус,7
учкурган,7
самарбону,7
мардлик,7
кайирма,7
2|2,7
куддус,7
капитал,7
военный,7
богзор,7
джамшид,7
сугали,7
хауз,7
зульфизор,7
инокобод,7
махаллинский,7
буий,7
козиён,7
алайский,7
марв,7
31,7
n,7
чорбог,7
кушикчи,7
дегрез,7
памятник,7
тузель,7
шохжахон,7
венгерская,7
гаи,7
оклон,7
паб,7
таджиев,7
чимробод,7
азия,7
касаба,7
локомотив,7
qibray,7
прокуратура,6
ясси,6
диёра,6
дилкуш,6
грин,6
шифо,6
канора,6
груп,6
чевар,6
мархабо,6
фитнес,6
орзуманд,6
малика,6
махмуд,6
хушнаво,6
кичкирик,6
зухурполвон,6
камолон,6
хамкорбанк,6
ориент,6
жахонаро,6
голден,6
телеком,6
факири,6
бахмал,6
сити,6
сабзор,6
узбекистана,6
кургазма,6
навнихол,6
маргиб,6
бешкайрагоч,6
дурбек,6
юнусaбад,6
кумарик,6
собир,6
ахил,6
999,6
шуманой,6
токимачи,6
файз,6
куий,6
бутик,6
гулобод,6
ойбек,6
восточная,6
тамарахонум,6
кулол,6
муйнак,6
зафари,6
чимбой,6
клиник,6
юсуфа,6
хурматли,6
аптек,6
втопарк,6
хамид,6
олтинтопган,6
авлийоота,6
бек,6
чинор,6
бектемир,6
тойтепа,6
водил,6
зульфияхоним,6
зарбдор,6
байрок,6
бешкентская,6
бадахшох,6
эркин,6
ирригатор,6
баркамол,5
сумбула,5
шоши,5
office,5
марс,5
транспортный,5
чайхона,5
шоликор,5
гайрати,5
лор,5
чупонота,5
бинкад,5
otish,5
общежитие,5
ташкентском,5
салом,5
полвон,5
кофе,5
смарт,5
баку,5
куйи,5
садокат,5
эшонтураева,5
атлас,5
урта,5
гуруч,5
чукурсай,5
адолат,5
якдил,5
олмос,5
ибрагимова,5
строительный,5
темирйулувчилар,5
бассейн,5
мирхосилбой,5
эркинлик,5
лашкарбеги,5
дарвозакент,5
отдел,5
чарогон,5
гарден,5
сафия,5
дархон,5
авлони,5
нурмакон,5
карнок,5
государственный,5
частная,5
гузарбоши,5
турсунзода,5
искусств,5
е,5
одилходжаев,5
шамсия,5
эльтузар,5
дангара,5
мургоб,5
гостевой,5
хаваст,5
йуларик,5
саиба,5
фарнух,5
медикал,5
рахмата,5
пиццерия,5
полвонёр,5
чамбил,5
макола,5
батау,5
акфа,5
кургантепа,5
сора,5
химчистка,5
джурджани,5
пахлавон,5
депо,5
кумбулок,5
такачи,5
узумзор,5
кургон,5
легион,5
иктисод,5
сеть,5
медиа,5
милицейский,5
шашлык,5
хитой,5
ибрат,5
каракум,5
дорихона,5
эвос,5
лайлакобод,5
бешёгоч,5
амиробод,5
муминова,5
наби,5
ок,5
центральная,5
лаваш,5
нодира,5
афзалов,5
инфекционная,5
музыки,5
афтоб,5
бектемирскогоа,5
гулирайхон,5
хужаева,5
нашриёт,5
ботирма,5
управление,5
файзи,5
гунча,5
гайратий,5
ветеринарная,5
пилла,5
офис,5
тикланиш,5
богиерам,5
орзу,5
гузаль,4
академия,4
гриль,4
айни,4
рафикдарвоз,4
окйул,4
институте,4
тамга,4
тепамасджид,4
бузбазар,4
махмура,4
дониер,4
маориф,4
олчазор,4
идеал,4
госпиталь,4
алока,4
шахристан,4
yangiyol,4
спортивная,4
диагностический,4
нуронийлар,4
миллениум,4
сандыкурган,4
дарьё,4
паспортный,4
49,4
ишонч,4
чойхонаси,4
нодирабегим,4
куприкли,4
27,4
лаб,4
нури,4
отар,4
карасув,4
хуррият,4
асалобод,4
хумо,4
голиб,4
кулолкургон,4
юселл,4
сардоба,4
боку,4
бухорий,4
хилоли,4
самса,4
имон,4
уй,4
олтинкуль,4
туртарик,4
сувсоз,4
занжисарай,4
ц27,4
достмухамедов,4
сомса,4
помощи,4
кани,4
городок,4
mtp,4
богиравон,4
хуснабад,4
орифон,4
султония,4
мехнатобод,4
баратходжа,4
парвона,4
фаробий,4
умарова,4
фарокат,4
хиёбон,4
новомосковская,4
пост,4
майсазар,4
финанс,4
станция,4
кобзев,4
минимаркет,4
стол,4
коканд,4
текстиль,4
бьюти,4
арик,4
боий,4
олчабог,4
садий,4
кухня,4
40,4
дворец,4
нурхон,4
агробанк,4
мухтар,4
м.акбарова,4
дилькаш,4
мохичехра,4
хожалик,4
одилов,4
алокабанк,4
медтехника,4
стом,4
ходжаев,4
университет,4
авезов,4
38,4
факультет,4
обид,4
машал,4
обидова,4
кушкунди,4
резерва,4
хаёт,4
бест,4
махзуна,4
хисор,4
мангал,4
беларик,4
ташгрэс,4
порлок,4
тахтагуль,4
музыкальный,4
аваз,4
190,4
бахор,4
турсункулов,4
мусаввирлар,4
сангзор,4
иссиксув,4
джами,4
ирода,4
тошкент,4
бистро,4
спортивный,4
ганиев,4
богибустон,4
чимкургон,4
уйгур,4
м.гофурова,4
мойарык,4
цветочный,4
мавзолей,4
дуньё,4
метрополитена,4
родильный,4
инжобод,4
увд,4
мохидил,4
хакикат,4
спорт,4
ташканди,3
колледжа,3
саёхат,3
школа-интернат,3
домбирабад,3
мирабадскогоа,3
зоркент,3
шайхантахурскогоа,3
т.арсланкулова,3
145,3
96,3
пайгох,3
невросервис,3
шофайзи,3
закария,3
нозимахоним,3
зангори,3
шавкат,3
кават,3
ихтиро,3
некст,3
ул.,3
гульрано,3
туберкулёзный,3
специальная,3
каланов,3
о.акрамходжаев,3
бобур,3
файзли,3
караоке,3
гастроном,3
101,3
167,3
абдула,3
парвоз,3
55,3
пулата,3
милий,3
133,3
джим,3
бостон,3
льва,3
44,3
олий,3
дом-музей,3
лисунова,3
тц4,3
кухисим,3
бободехкон,3
хикмета,3
тукимачи,3
подготовки,3
барлос,3
мирзамир,3
гиеса,3
рисовый,3
гараж,3
суфизода,3
цех,3
расула,3
етти-терак,3
сариксув,3
домбробод,3
сайбуйи,3
ширинарик,3
хиёбонтепа,3
туркистон,3
296,3
блэк,3
2|5,3
шарофобод,3
мехмондост,3
бастакор,3
табака,3
саларбуий,3
бадриддин,3
мадина,3
яккасарай,3
учтепа,3
склад,3
чолдарахт,3
ихтизор,3
экопарк,3
амонат,3
тошкуча,3
сулейманов,3
остона,3
яккатол,3
мискина,3
тонги,3
37,3
италия,3
на,3
чиланзарскогоа,3
зарипова,3
улькаобод,3
магнит,3
медицинская,3
гиждуван,3
худуди,3
служба,3
пушкина,3
тупкайрагоч,3
алвон,3
лидер,3
бадахшон,3
77,3
сухаил,3
караван,3
м.ойбек,3
ломоносова,3
наврузий,3
онкологический,3
заркент,3
янгибозор,3
завки,3
сазанчик,3
багбог,3
парус,3
укитувчи,3
технолог,3
айлес,3
укитувчилар,3
ирригации,3
гёте,3
терак,3
м.исмоилий,3
содиков,3
2с,3
зе,3
хамидуллы,3
м,3
мевозор,3
хулькар,3
152,3
каранкуль,3
ахроробод,3
штрафов,3
уз,3
39,3
савдо,3
псб,3
пахтачи,3
қани,3
бон,3
57,3
аристон,3
212,3
43,3
чиназ,3
аль-хорезми,3
bank,3
ходжи,3
78,3
промышленности,3
толарик,3
гульсанам,3
решетова,3
олимпия,3
тавалло,3
чилдитурон,3
114,3
209,3
британская,3
лес,3
мвд,3
уратепа,3
йул,3
достоевского,3
юсупов,3
тойхона,3
пахлавана,3
лабихавуз,3
билимдон,3
цыплята,3
торткуль,3
джамила,3
равнак,3
тошкенбоева,3
тансыкбаева,3
махмуда,3
хотира,3
узпромстройбанк,3
кизилкум,3
глазная,3
бахадыр,3
сарой,3
пулат,3
черхновза,3
гулом,3
мехнаткаш,3
80,3
чуст,3
сарыкуль,3
корпус,3
янгиш,3
юнусбек,3
хаво,3
толстого,3
борьбе,3
немат,3
дольче,3
моний,3
58,3
243,3
146,3
музыкалная,3
ташкентская,3
кейк,3
москва,3
магрур,3
дарё,3
андижанская,3
мехмондуст,3
ширмонбулок,3
жахонгир,3
токзор,3
сандиккурган,3
28,3
билайн,3
жар,3
нишопурий,3
46,3
скорой,3
дарваза,3
нии,3
мирзо-улугбекскогоа,3
уткира,3
дастархан,3
борданкуль,3
дел,3
жум,3
северная,3
надзора,3
водоканал,3
хотел,3
555,3
медик-ас,3
солнышко,3
173,3
3с,3
рузи,3
сузук,3
безакчилик,3
яккабог,3
безопасности,3
рахманова,3
ошхона,3
dori-darmon,3
олтинкул,3
яккасарайскогоа,3
ипотекабанк,3
три,3
узмобайл,3
подключение,3
хозяйства,3
центральный,3
высшая,3
187,3
чайкофф,3
чавандоз,3
бизнес,3
хиромий,3
пивной,3
бобохонов,3
нозанин,3
парвариш,3
милиция,3
бахт,3
минггузар,3
р-н,3
тандир,3
204,3
шодлик,3
плова,3
наркологическая,2
национальной,2
технологий,2
маркази,2
бешогайнилар,2
махорат,2
государственного,2
кари,2
диабет,2
областной,2
алгоритм,2
исламский,2
имзо,2
дискавери,2
ж,2
162,2
гидрометцентр,2
почты,2
спортзал,2
блюдо,2
292,2
востоковедения,2
ахсикат,2
farm,2
м.горький,2
альп-джамол,2
браво,2
бибигон,2
плюс,2
от,2
сой,2
тиб,2
янгиарык,2
таможня,2
афсона,2
карнаксай,2
помир,2
акмаля,2
бешлола,2
национальное,2
к,2
мурабби,2
евроснаб,2
113,2
подростковый,2
греен,2
элит,2
интернат,2
нихол,2
кошона,2
нпо,2
medical,2
микрорайон,2
комфорт,2
озод,2
кизилсув,2
oxy,2
тц1,2
с,2
ют,2
post,2
хон,2
истории,2
канал,2
сада,2
эндокринологии,2
медцентр,2
улугбекскогоа,2
тухтасина,2
сув,2
темир,2
инфин,2
джалолобод,2
куркам,2
баланд,2
53,2
торкуча,2
287,2
мудофаачилар,2
лола,2
вок,2
оборонная,2
84,2
люкс,2
им,2
эльбрус,2
спидом,2
267,2
султан,2
паркентский,2
мед.,2
фаол,2
чахбуд,2
обороны,2
ёшлик,2
жалилова,2
профи,2
термиз,2
274,2
чикен,2
города,2
джанон,2
170,2
200,2
махтукули,2
алмаз,2
камалак,2
мелиорации,2
грм,2
угли,2
аскад,2
151,2
химико-технологический,2
203,2
умарбекова,2
майлисой,2
194,2
м.м.горький,2
баходир,2
оввиог,2
ахиллик,2
538,2
тамары,2
пуштибог,2
кирки,2
гостиничного,2
артель,2
256,2
хакимзаде,2
пкио,2
даво,2
асл,2
психоневрологический,2
интернет,2
105,2
вип,2
35,2
севинч,2
илгари,2
транспорта,2
кожно-венерологический,2
зенит,2
альфа,2
фусункор,2
гулруй,2
agentligi,2
манзур,2
мунисобод,2
джизак,2
эльнур,2
бату,2
192,2
хумсон,2
химмат,2
хушхаво,2
городское,2
геологическая,2
жалолитдина,2
студия,2
пицца,2
бузсув,2
284,2
корейская,2
красотка,2
нак,2
150,2
языков,2
информационных,2
альянс,2
санжар,2
жаркургон,2
кора,2
эдьюкейшн,2
service,2
очил,2
мардона,2
нон,2
225,2
хабиби,2
ислом,2
лаундж,2
работает,2
хужайли,2
ребёнка,2
аброр,2
радиотехнический,2
туит,2
вакцинации,2
520,2
часа,2
дильноз,2
билол,2
шинам,2
северо-восточная,2
лион,2
военная,2
узгумя,2
ozgarish,2
ла,2
булокча,2
хамадони,2
фурката,2
околтин,2
файзабад,2
доктор-д,2
кукюнгунча,2
казахстан,2
оперу,2
заравшон,2
202,2
мотурдий,2
масжид,2
244,2
жк,2
презд,2
фэмили,2
117,2
диадора,2
омад,2
pharm,2
университета,2
садриддина,2
арена,2
дилбанд,2
узбекистанская,2
узбекистан.,2
румий,2
142,2
со,2
автопарк,2
ипподромная,2
с.джураева,2
казахстана,2
боги,2
трамвайное,2
312,2
экономический,2
нуртепа,2
асрор,2
сеньёр,2
таом,2
гульбаданбегим,2
железнодорожный,2
авиаремонтный,2
хафиза,2
258,2
ташми,2
алмазарскогоа,2
куй,2
а,2
бобохонова,2
центрум,2
сад-ясли,2
245,2
аккурган,2
адхам,2
назар,2
арпапая,2
93,2
шараф,2
маржон,2
гуляма,2
наврузи,2
шабнам,2
обсерваторская,2
тренажерный,2
фаровон,2
м.рахимова,2
85,2
коракамиш,2
участок,2
нуробод,2
пиво,2
дворик,2
водник,2
туризма,2
согуний,2
мороженое,2
атлант,2
культуры,2
мухтара,2
газалхон,2
гунафша,2
согдиана,2
кафедра,2
департамент,2
хэппи,2
туйчи,2
частный,2
ветеренарная,2
47,2
175,2
перфектум,2
сказка,2
52,2
технолоджи,2
министерства,2
ватанпарвар,2
сэс,2
гафура,2
цум,2
туляган,2
мирзо-улугбекский,2
ляби,2
45,2
травматологии,2
оплата,2
135,2
окшоми,2
285,2
фузули,2
афзал,2
тенистая,2
увайси,2
талабалар,2
диет,2
садриддин,2
гувд,2
ниозий,2
андижан,2
236,2
авлод,2
206,2
сарбаланд,2
дур,2
зон,2
университете,2
насиров,2
улмаса,2
издательство,2
развития,2
юмс,2
289,2
164,2
трастбанк,2
177,2
элегант,2
32,2
летний,2
туберкулезный,2
ташкентское,2
не,2
сосисочная,2
шабада,2
зиё,2
506,2
янгиобод,2
97,2
стим,2
махалинский,2
в,2
229,2
спец,2
украина,2
акиб,2
нафосат,2
лаззатли,2
маяк,2
281,2
сергелинский,2
мерганча,2
барчиной,2
бегойим,2
ле,2
полиграфия,2
окилота,2
плов,2
области,2
бехбуди,2
шош,2
180,2
дамал,2
лэнд,2
лагманная,2
анд,2
ипотекабанка,2
гульзор,2
высоковольтный,2
кончилар,2
боло,2
амирхан,2
алишер,2
уйгур-кокчинор,2
цеха,2
кумушкон,2
автошкола,2
байрам,2
савдогар,2
санаторий,2
рахмат,2
холис,2
чигил,2
арсланобод,2
ободлик,2
дельфин,2
178,2
оазис,2
мехнат,2
лайн,2
археологическая,2
специализированная,2
кудукбоши,2
кубейттепа,2
бир,2
чимзор,2
опа,2
шуманай,2
тут,2
окшом,2
о,2
языка,2
чешской,2
197,2
узбекфильм,2
тч2,2
линия,2
смайл,2
ёлки-палки,2
лукс,2
клаб,2
куйлюкота,2
саларбуйи,2
политехнический,2
86,2
бустон,2
зархал,2
141,2
кодири,2
бринго,2
378,2
диёр,2
чинабад,2
наргиза,2
олимпийсокого,2
тошоксок,2
ozbekiston,2
хирот,2
сан,2
янгихаят,2
ойна,2
софия,2
института,2
метрика,2
мактаб,2
авто,2
215,2
олимпик,2
миллион,2
фуд,2
288,2
ведомственная,2
окила,2
саховат,2
сомони,2
154,2
295,2
зуфарова,2
тутзор,2
185,2
скул,2
камыш,2
генеральная,2
французская,2
тарона,2
41,2
265,2
етти,2
ахагаранский,2
куёш,2
бедил,2
ип,2
бойида,2
мега,2
перинатальный,2
гульгунча,2
шарафутдинова,2
академии,2
товарная,2
йулари,2
принт,2
старт,2
болтаев,2
36,2
супер,2
козирабад,2
jurabek,2
atc,2
йулли,2
континент,2
музрабод,2
тарбия,2
тоэмз,2
дента,2
лянгар,2
узбекский,2
международная,2
икбол,2
арипова,2
хурият,2
медресе,2
368,2
фарма,2
сеньёрита,2
71,2
трэйд,2
таверна,2
наркологический,2
фидойллар,2
трест,2
узбегим,2
витаминка,2
мингурюк,2
106,2
диагностическая,2
богобод,2
фабрика,2
куёшча,2
акб,2
аль-хорезмий,2
фитнесс,2
156,2
клуб,2
талимаржан,2
алихонтура,2
кирпичный,2
227,2
х.вахабова,2
махалла,2
флагман,2
ханум,2
усмана,2
махсустранс,2
усмир,2
балик,2
шер,2
79,2
арт,2
дилбар,2
севара,2
берлик,2
хамзинский,2
здание,2
научно-исследовательский,2
книжный,2
медсанчасть,2
юридический,2
каланова,2
72,2
илдам,2
восток,2
техноинвест-ст,2
территория,2
188,2
109,2
летнее,2
103,2
загс,2
калтатой,2
гап,2
вокзал,2
ва,2
шедевр,2
эль,2
гульнор,2
171,2
хамроз,2
санитарно-эпидемиологического,2
240,2
энергосбыт,2
экспо,2
синтез,2
92,2
барон,2
компьютерный,2
хилола,2
внутренних,2
сулеймана,2
298,2
тошбулок,2
банкетный,2
бехзод,2
эликсир,2
компания,2
ск,2
флоренция,1
397,1
маннон,1
118,1
аюбхона,1
от-чопар,1
голд,1
5гом,1
икат,1
мойарик,1
аълоева,1
ёрмухамедова,1
207,1
семинария,1
110,1
в.успенского,1
мистер,1
гербофарм,1
вектор,1
таксопарк,1
ташкент-тола,1
самарканда,1
интерконтиненталь,1
форвард,1
корадарё,1
пэрнтс,1
куадро,1
права,1
нефтегазмонтаж,1
бунёдкор,1
328,1
шифохона,1
мойтдин,1
терминал,1
вино,1
торо,1
ф.,1
март,1
п,1
213,1
барресто,1
лазиза,1
херб,1
ломбард,1
divo,1
свифт,1
эккаунт,1
чемпион,1
рэдиссон,1
бытовая,1
рувд,1
бахтимурод,1
арт-кафе,1
американская,1
aлмазарский,1
352,1
печати,1
пс,1
технологический,1
межрайонный,1
255,1
малая,1
педагогический,1
семья,1
193,1
235,1
алфа,1
эндокринологический,1
светильники,1
oqqurgon,1
black,1
рум,1
холидай,1
ноу,1
чопар,1
авиации,1
тишми,1
пацифик,1
тепловозоремонтный,1
фэймос,1
передающий,1
тадж,1
bolimi,1
корйогди,1
кафе-столовая,1
бурджар,1
инфекционных,1
504,1
94,1
ал-фаргоний,1
умэд,1
mulk,1
намуна,1
мотуридий,1
аврелий,1
ng,1
медимакс,1
марказ,1
нейромед,1
радиоэлектроники,1
транспортное,1
хамрох,1
санрайс,1
ташаббускор,1
294,1
клубничка,1
157,1
тгеу,1
суши-бар,1
пайп,1
код,1
татарская,1
ташгу-ташпи,1
mfy,1
223,1
улугбекиский,1
павилион,1
6гом,1
варданзи,1
диадема,1
тепамасжид,1
арзон,1
кумлок,1
чайка,1
електроникс,1
муртазо,1
consulting,1
продуктами,1
гатлинг-мед,1
шоира,1
мисс,1
131,1
техосмотр,1
ап,1
йик-ота,1
тошканди,1
сардор,1
попить,1
мисо,1
сейрана,1
group,1
346,1
house,1
пакистана,1
uzscinet,1
туркестан,1
10|7|1,1
140,1
садои,1
пирожковая,1
карлсберг,1
полимер,1
аудиторская,1
магистрантов,1
хайтек,1
akraver,1
думгаза,1
арбат,1
россини,1
международный,1
вилладж,1
гэлакси,1
261,1
экономики,1
xk,1
кастлбар,1
lisnet,1
430,1
нбф,1
джаркургон,1
узаэронавигация,1
хаш-паш,1
мировой,1
муккарам,1
чёрный,1
здоровья,1
барбарис,1
ср.,1
замона,1
465,1
охраны,1
лебедь,1
хусани,1
reability,1
абдуллы,1
лал,1
узун,1
м.гофуров,1
149,1
польши,1
поезд,1
456,1
экстрим,1
гатлинг,1
mtp-,1
узонлайн,1
экскаваторный,1
мафе,1
max,1
ризо,1
ихтисод,1
авайхон,1
диера,1
т.арсланкулов,1
вкуснофф,1
ака,1
нуршах,1
анхор,1
времена,1
аа,1
буревестник,1
службы,1
диамед,1
инха,1
иссимо,1
френч,1
сабина,1
доктора,1
сопрано,1
тц7,1
менингит,1
алексея,1
алипринт,1
лечебно,1
маленький,1
тц,1
апрель,1
услуги,1
кей,1
адама,1
гулям,1
боткоз,1
саида,1
самолет,1
бешарык,1
зумрад,1
314,1
серена,1
tosh,1
glass,1
гражданский,1
тукай,1
hi,1
каролина,1
узавто,1
yuqori,1
бурхона,1
диёрбек,1
саодат,1
тюльпан,1
настальджи,1
умирзок-ота,1
291,1
коттедж,1
tech,1
траст,1
психиатрическая,1
гульсара,1
универсальный,1
мол,1
таджикистана,1
учун,1
тахил,1
мирокилова,1
психоневрологическая,1
441,1
маргилани,1
сср,1
подшобог,1
анар,1
медикосоциальный,1
майсара,1
донская,1
жалолиддин,1
султон,1
инженеров,1
лукоил,1
бук,1
анкара-кебаб,1
169,1
минздрав,1
odilxojaev,1
стройматериалы,1
бедана,1
чиланзарское,1
паталогоанатомия,1
челси,1
капур,1
р,1
шашликхона,1
консалтинг,1
iqror,1
артишок,1
шейхантаура,1
миробадский,1
медико-диагностический,1
308,1
изи,1
кимйо,1
гулливер,1
199,1
136,1
ф.пулатов,1
узэкспоцентр,1
181,1
тапо,1
найт,1
центра,1
ю-маркет,1
тимура,1
подъёмник,1
исломобод,1
нуриддинов,1
киевлянка,1
mavze,1
будильник,1
мики,1
ипакчи,1
дреамс.,1
чой,1
варница,1
азимб,1
оптика,1
дильфуза,1
зангиатинский,1
6\2,1
табрик,1
сммит,1
пешкадам,1
ёлочка,1
летного,1
neuro,1
атыргуль,1
подстанция,1
информ,1
шофиркон,1
407,1
asr,1
номад-амон,1
гагарина,1
кашкадарьинская,1
гум,1
449,1
ntt,1
узсаноатекспорт,1
мен,1
белтинг,1
гейдар,1
нейрофакс-б,1
нестле,1
пахта,1
венерологический,1
70,1
г.ташкент,1
торнтон,1
чинзано,1
шахло,1
гомеопатия,1
продукт,1
белозубка,1
ист,1
чина,1
нурота,1
кока-кола,1
кариес,1
ошхона.уз,1
шараб,1
медион,1
ц12,1
адрас,1
отолоринголог,1
еллипс,1
дудек,1
эмка,1
агрегатный,1
барбекю,1
узбум,1
476,1
600,1
интернейшнал,1
ахмад-дониш-вещевой,1
аттракцион,1
войск,1
глори,1
477,1
камолхона,1
оптимус,1
оператор,1
лаззат,1
satina,1
75,1
филлиал,1
дет.,1
196,1
хасан,1
реклама,1
ижодиёт,1
низомий,1
микрокредит,1
516,1
это,1
ллс,1
венская,1
навват,1
кошонаси,1
авиза,1
жизни,1
тимирйул,1
uzonline|uzmobile,1
мрт-кт-рентген,1
бонтэ,1
mattress,1
сантини,1
ч|п,1
версаль,1
олмазарскогоа,1
кымсан,1
жуковского,1
сэйс,1
драмы,1
теппаньяки,1
анис,1
478,1
равшан,1
аль-каср,1
топчан,1
выпечки,1
475,1
джаго,1
322,1
306,1
лаборатория,1
фармасютиклс,1
учкун,1
зевс,1
дача,1
элвис,1
сеул.,1
дюймовочка,1
бизнесс,1
мулти,1
miss,1
кува,1
90,1
184,1
грант,1
муродова,1
диагностик,1
козигузар,1
плавательный,1
аль,1
таянч,1
пота,1
128,1
рнцэмп,1
салвиа,1
выставочный,1
палов.уз,1
можиза,1
лёрнинг,1
ассоциация,1
500,1
campalia,1
zavodi,1
состава,1
414,1
ардена,1
грудной,1
подушечная,1
90-41,1
230,1
биллюр,1
турк,1
248,1
имом-ат-термизий,1
усастковый,1
бета,1
альп-жамол,1
автосавдо,1
шам,1
91,1
natixis,1
май,1
шайхантохурскогоа,1
лазурный,1
тошиссиккуввати,1
вьетнама,1
минибанк,1
каскад,1
ташкент-южный,1
153,1
цезий,1
тошлок,1
eshon,1
арктика,1
туркистан,1
репродуктивного,1
сырдарья,1
лили,1
юго-восточная,1
центр-сергели,1
норма,1
зар,1
226,1
бородина,1
бениссимо,1
ташкента,1
кум,1
пищевой,1
юлдашабад,1
59,1
замок,1
зухры,1
жасорат,1
аль-араб,1
женка,1
526,1
88,1
т.рыскулова,1
художественный,1
нотаральная,1
национального,1
459,1
винил,1
abco,1
пива,1
sew,1
552,1
куш,1
шеров,1
исттелеком,1
багратиони,1
горькому,1
хоум,1
мубина,1
17гор.,1
юзработ,1
taomlari-qatortol,1
жожа,1
мафтункор,1
алёнушка,1
строителей,1
atc290,1
гурмент,1
белиссимо,1
диогнастический,1
99,1
кишлок,1
стуцико,1
68,1
росийское,1
тд,1
раддус,1
said,1
миг15,1
лахисам,1
судэкспертиза,1
гейт,1
дирекция,1
сбер,1
кукчам,1
республиканская,1
246,1
систем,1
плов-паб,1
плов-самса.уз,1
курган,1
сад312,1
сдюсшор,1
микро,1
мухаббат,1
маннам,1
спетс,1
тулпор,1
б|н,1
heiberg,1
гинекологии,1
финансов,1
франции,1
362,1
sharm,1
пенная,1
мужской-женский,1
чапаната,1
культурных,1
женева,1
урала,1
элобод,1
233,1
강남,1
хан,1
сароймулкхоним,1
махмудов,1
георгия,1
усмон,1
дурдона,1
васаби,1
да-винчи,1
тапоич,1
прокуратура.,1
дуэт,1
кровепереливания,1
525,1
вагоностроительный,1
пошлин,1
center,1
мужской,1
арк,1
хожаобод,1
нобель,1
лизинговая,1
медланс,1
321,1
таъомлари,1
шалола,1
трактир,1
киностудия,1
промстройбанк,1
чехов,1
санатсия,1
миртемир,1
таракиёт,1
гульханий,1
омз,1
сатиры,1
эрам,1
камаз,1
аккорд,1
аэро,1
икар,1
атс222|223,1
элеонора,1
интернейшнл,1
хавасткор,1
куль,1
платья,1
прогнозирования,1
художеств,1
лэйс,1
бтс,1
плов.уз,1
537,1
роял,1
496,1
рплм,1
батальон,1
пункти,1
пивзавод,1
124,1
гематологии,1
успенского,1
чёрная,1
между,1
духовная,1
клин,1
нхг,1
таштэц,1
бб,1
авиосозлар,1
музкаймок,1
pub,1
арз,1
камолот,1
мангуберди,1
тенгдош,1
350,1
дрим,1
корасу,1
телекон,1
bektemir,1
анфа,1
419,1
статус,1
302,1
бабура,1
элефант,1
домбиробад,1
рмо,1
вас,1
узбекнефтегаз,1
зарнигор,1
прикладного,1
кампуса,1
аксофт,1
общества,1
оперпункт,1
родео,1
офтоб,1
озон,1
евро,1
409,1
лорд,1
велл,1
чибайнет,1
спорткомплекс,1
бадриддина,1
block,1
дикарем,1
парамаунт,1
мевазор,1
ак,1
ректорат,1
профилакторий,1
1a,1
корзинка.уз,1
инжиниринг,1
межвузовский,1
327,1
хунор,1
238,1
фэшн,1
сулайман,1
грузинский,1
llc,1
архитектурно-строительный,1
апельсина,1
толипов,1
216,1
п.п.бенькова,1
торговый,1
пиано,1
журавленок,1
пикник,1
дчл,1
сариосиё,1
савдогарбанк,1
о.п.131,1
produce,1
модерн,1
304,1
чексарой,1
биостомплюс,1
алес-полиизол,1
нэилартист,1
ходи,1
крепыш,1
узи,1
костнотуберкулёзный,1
ozoda,1
дома,1
бола,1
юрия,1
291|293,1
2|3,1
фархадский,1
ташкентской,1
абидов,1
дерматолог,1
саёхатский,1
тадж-махалл,1
пепси,1
300,1
ильмира,1
316,1
тортик,1
хамзинскогоа,1
я.ниезмухаммада,1
ширинкудук,1
королевства,1
брэд,1
оп,1
ворлд,1
русских,1
шохииардон,1
сша,1
дост,1
водород,1
шалет,1
89,1
саройи,1
ремо,1
мтм221,1
шиво,1
шерози,1
асклепий,1
металлик,1
maxi,1
эндокриналогии,1
верона,1
чудес,1
втэк,1
хона,1
улкаобод,1
218,1
бея,1
наил,1
зираворлари,1
тельмана,1
панелний,1
кукольный,1
корона,1
лагман,1
сонет,1
строительное,1
вавилон,1
профмедсервис,1
напитки,1
неврологическая,1
тиббиот,1
ф-март,1
заболеваний,1
алмазорскогоа,1
ден,1
чарос,1
9992,1
шайхантаурскогоа,1
зайчик,1
бокса,1
колесникова,1
соглом,1
консерватория,1
501,1
техноложи,1
николая,1
атс56,1
кабельный,1
винчи,1
ровшан,1
кроун,1
полло,1
211,1
ирригационный,1
hayot,1
родильная,1
бинкет,1
қарши,1
кафе|виноводочный,1
самар,1
манноб,1
гутен,1
219,1
158,1
эльбек,1
репаблик,1
дымоф,1
фреш,1
мусаффо,1
туйхона-чойхона,1
493,1
гулгунча,1
общего,1
279,1
актёр,1
орион,1
mehrigiyo,1
мерос,1
zavod,1
юношеского,1
институт|военнаяя,1
зие,1
гскб,1
калтарой,1
шухрат,1
энимал,1
тц6,1
415,1
оникс,1
школы,1
адаптации,1
майдони,1
100202,1
микдор,1
lite,1
gameland,1
оп103,1
diyora,1
туйхонаси,1
хазиний,1
усмонов,1
машинасозлар,1
ритер,1
агро,1
усовершенствования,1
тпкит,1
423,1
industries,1
неотложной,1
рашидовичу,1
15aбb,1
московская,1
83,1
борода,1
азиана,1
бешчинор,1
273,1
авеню,1
тц2,1
тракторный,1
маффин,1
чор,1
водно-развлекательный,1
назира,1
корейских,1
итери,1
маус,1
кардио,1
299,1
наргиз,1
сад.,1
лазаря,1
архитекторов,1
макс,1
веро,1
касымова,1
автомойка,1
джаст,1
сеул,1
курарлар,1
джунарык,1
хелло,1
репрессий,1
дончелла,1
оши,1
экорн,1
растений,1
грация,1
авокадо,1
дил,1
чп,1
международного,1
463,1
доппи,1
кап,1
машин,1
седьмой,1
сухайл,1
каштан,1
davr,1
путешественник,1
ташкент-товарный,1
оталар,1
мезон,1
насырова,1
100,1
тандырная,1
дурбека,1
ташкенте,1
нилуфар,1
ars,1
ихлос,1
строительных,1
бар-наливайка,1
учтепинского,1
теннис,1
детского,1
позитиф,1
berk,1
232,1
стрит,1
шайхантаурский,1
князя,1
узтелеком,1
мвэс,1
511,1
оромбош,1
оплаты,1
анализа,1
кастл,1
тренажёрный,1
чебуреки,1
культурный,1
455,1
судебный,1
юлдус,1
японамама,1
искусства,1
нейро,1
руббер,1
484,1
марпласт,1
йелло,1
лазокат,1
lg,1
эмбер,1
каспиан,1
гульнара,1
планет,1
дороги,1
nihol,1
таси,1
бетон,1
хунклар,1
испекция,1
201,1
sigma,1
госпиталка,1
коммунального,1
395,1
солушионс,1
маскан,1
332,1
харакат,1
гуллари,1
бахтлик,1
динамо,1
ф.худжаев,1
рти,1
батальён,1
адхама,1
364,1
смит,1
usel,1
хандам,1
gap,1
ашхабад,1
победоносца.,1
жэксофт,1
62,1
участковой.,1
432,1
ватч,1
373,1
корт,1
ite,1
бузкуча,1
чип,1
промышленный,1
гульбадан,1
виноград,1
mtp96,1
инди-анна,1
сезам,1
интерхаус,1
у.к.курбанова,1
спортивно-оздоровительный,1
каверн,1
экспертиза,1
mobil,1
джум,1
конструкция,1
тратториа,1
шайхонтохурскогоа,1
51,1
box,1
кардиологический,1
иссиксувкувват,1
интеллект,1
часовня,1
дуст,1
азиз,1
макаронка,1
нахат,1
посейдон,1
фонда,1
юнусабада,1
208,1
част.,1
бурижар,1
горький,1
коракуль,1
пром,1
текстильмаш,1
туркуаз,1
айкидс.уз,1
дамарык,1
pro,1
р-на,1
в.вахидова,1
весна,1
sadaf,1
автодорожного,1
духовности,1
бектупи,1
ачибадем,1
шалол,1
райгаз,1
нурафшон,1
ташкенской,1
чокко,1
евромед,1
баёт,1
виндхам,1
афсонак,1
производство,1
амбрелла,1
оккурганской,1
селямалейкум,1
крафт,1
амортизаторный,1
акционерного,1
спа,1
ташкентского,1
бубновского,1
империал,1
mercedes,1
лук,1
д,1
сушек,1
баритон,1
ветеринарный,1
tbs-inform,1
дам,1
иль,1
эмир,1
556,1
узбектуризм,1
чакб,1
filiali,1
антракт,1
микрос,1
shiplka,1
кори,1
фирма,1
323,1
зайниддин,1
миксбар,1
услуг,1
квартала,1
проформ,1
серго,1
сабодармон,1
муллы,1
улийа,1
лител,1
форумов,1
турции,1
северо-восток,1
sladus,1
343,1
166,1
курица,1
питихана,1
холдинг,1
125,1
хакимбабаева,1
трамвайного,1
продукты,1
беш,1
кожновенерологический,1
амбассадор,1
08l,1
ut,1
юниверсал,1
бирлик,1
сокин,1
тгив,1
ипотека-банк,1
be,1
м.максим,1
искувства,1
махаллачи,1
100084,1
венеция,1
стандарт,1
48,1
400,1
разливное,1
мастер,1
лехи.,1
лулу,1
аулгли,1
салахиддин,1
брокколи,1
садоси,1
нейрохирургии,1
mini,1
189,1
фрутс,1
корейского,1
эзгулик,1
мехрибонлик,1
мармарис,1
хана,1
министерство,1
ульфатлар,1
ред,1
сувлик,1
бороб,1
мозеркеир,1
база,1
скотобойня,1
systems,1
шохфарм,1
сергилийский,1
исузу,1
актепe,1
незабудка,1
биллур,1
мурувват,1
кувват,1
аллмед.,1
балыкчи,1
бахтдиёр,1
резина,1
приемное,1
варахша,1
далазор,1
пограничных,1
мерган,1
харбий,1
монтана,1
сартарошхона,1
дешевыми,1
архитектурно-строительная,1
laziza,1
чиланзарскаялиния,1
шохимардон,1
429,1
улца,1
табаккоф,1
191,1
чимган,1
трактиръ,1
виарддо,1
главная,1
подвальчик,1
бектимирскогоа,1
абдулазиз-хана,1
канали,1
орандж,1
пати,1
пекарня,1
коффелито,1
металл,1
104,1
строительномонтажный,1
индии,1
банковская,1
эво,1
поттермания,1
акмаль,1
265|266,1
почетное,1
йуллари,1
донгдор,1
конгил,1
изба,1
шохона,1
калдыргоч,1
гимназия,1
ат,1
шашлык-плов,1
циолковский,1
рахимов,1
нотариус,1
каюма,1
шукура,1
онури,1
сомонбозор,1
джамшида,1
257,1
вирусологии,1
910,1
241,1
шарафу,1
мтм,1
манас,1
дип-нихол,1
кондитерские,1
nmkt,1
свадебный,1
футури,1
радиоцентр,1
мид,1
оилавий,1
международной,1
269,1
британское,1
бешкайрагач,1
мирзаобод,1
дружбы,1
быта,1
гулсарой,1
памяти,1
толстяка,1
дилором,1
139,1
медгородок,1
техно,1
тарнов,1
бумеранг,1
junior,1
каффаля,1
инконель,1
161,1
нор,1
клевер,1
зиёда,1
ветсити,1
гиждувон,1
183,1
шаши,1
носира,1
куйкургонбегим,1
круг,1
фельдъегерская,1
гений,1
химико-технологическом,1
eurodrive,1
siser,1
rayhon,1
локал,1
468,1
тэг,1
телевидения,1
самбо,1
новый,1
пласт,1
клубная,1
эврика,1
08r,1
московский,1
пойкент,1
п-ка,1
селен,1
химфарм,1
сойгузар,1
вега,1
журабек,1
ташиув,1
группа,1
кашкадарья,1
324,1
озода,1
каххара,1
камола,1
интернациональная,1
а.кадыри,1
бабушки,1
сиеста,1
386,1
виннком,1
мамурахон,1
дар,1
пути,1
254,1
самс,1
вч,1
свеет,1
акушерства,1
все,1
мераж,1
ведантал,1
с.толипова,1
рыбка,1
саййох,1
логопедический,1
oltintepa,1
инновационная,1
транспортная,1
комунальное,1
энтер,1
развлечений,1
госкомимущество,1
гудман,1
финансовый,1
toshkentvino,1
ташпицца,1
айболит,1
7d,1
макмиллан,1
архидея,1
опрный,1
мажлис,1
жареные,1
82,1
umar,1
реабилитации,1
155,1
радуга,1
туронбанк,1
гарат,1
city,1
сагдиана,1
саватчи,1
нетка,1
408,1
домашняя,1
таларык,1
метан,1
120,1
успеха,1
шампанских,1
гулчаман,1
первушка,1
бозиргон,1
файзилат,1
семейный,1
мебельный,1
киргизская,1
белладжио,1
футбольная,1
деспансер,1
абба,1
сувчи,1
тахиаташ,1
ткти,1
бти,1
тв,1
дет,1
техника,1
хирургии,1
гиргиртепа,1
представительство,1
склады,1
градусов,1
союзпечать,1
монголии,1
а.п.чехова,1
global,1
государственном,1
ан,1
территориальное,1
320,1
научный,1
жэк,1
мельница,1
семашко,1
фотосудия,1
миглиоре,1
каре,1
ойдин,1
семейной,1
куксув,1
зеро,1
кофейня,1
zafari,1
network,1
эдюкейшнал,1
cклады,1
paynet,1
361,1
тапас,1
эйфория,1
областная,1
пожарная,1
саламон,1
опытно-механический,1
билдинг,1
солдатах,1
кашкадарьё,1
ремонтный,1
aj,1
266,1
вазира,1
аскада,1
топ,1
2е,1
леди,1
юдп,1
бахадуру,1
472,1
яланкар,1
отд.,1
сабрина,1
341,1
иностранных,1
архитектурно,1
272,1
тахура,1
ats216|217,1
боши,1
лёгкой,1
олчахор,1
донкофеоне,1
интернейшенал,1
зариф,1
ортопедии,1
жува,1
40|1,1
бетонной,1
небе,1
nilyufar,1
эдукэшн,1
саргузашт,1
happy,1
oilaviy,1
генерал,1
нью,1
мировых,1
омега,1
водка,1
лимпопо,1
офтобча,1
алюкобонт,1
lor,1
поворот,1
jsc,1
зуннанов,1
арифов,1
тгту,1
афреско,1
шортепа,1
xumosarbon,1
shark,1
хурозчи,1
мчс,1
железнодорожная,1
грядки,1
комуналчи,1
детей,1
осьминожка,1
гудвин,1
оп115,1
advisory,1
кимчи,1
турсунова,1
низоми,1
зигир,1
радио,1
латвийской,1
витторио,1
природы,1
249,1
лайк,1
логистикс,1
куз,1
стома,1
1;,1
денгиз,1
зрителя,1
597,1
мухандийслар,1
индонезии,1
оксимед,1
боттлерс,1
олень,1
учкудук,1
берёзка,1
ёнгок,1
фавола,1
ултра,1
али-баба,1
мобайл,1
дамбрабад,1
японии,1
чайная,1
дукон,1
охкачи,1
хожаев,1
темирчи,1
шейха,1
бизнес-центр,1
vosiq,1
урак,1
мфй,1
изюм,1
ts2219,1
baraka,1
работ,1
сomron,1
вытрезвител,1
санэпидем,1
дно,1
жареная,1
тахир,1
женский,1
эр,1
филология,1
металлоконструкций,1
авторемонтный,1
тиббиёт,1
259,1
машиностроительный,1
ёзёвон,1
саркор,1
512,1
конигул,1
фок,1
шанхай,1
жиз-биз,1
эшона,1
554,1
ark,1
129,1
461,1
каратау,1
хайдара,1
сам,1
мидиа,1
хамкоробод,1
422,1
одыл,1
комбинат,1
импекс,1
володия,1
великобритании,1
универ-food,1
джиотто,1
ситимед,1
хирургия,1
ибн-сино,1
суро,1
групп,1
дизайна,1
вет,1
бойкент,1
муфаррах,1
виждон,1
назарова,1
404,1
карамелька,1
нуу,1
523,1
пакр,1
авана,1
года,1
компьютер,1
косметологический,1
n20,1
тма,1
яккасарой,1
султонходжанов,1
стк,1
тчсж,1
юникс-стар,1
механика,1
мушкина,1
ата,1
боевой,1
улфатлар,1
406,1
uzonline,1
интизом,1
х.турсункулова,1
сит,1
бухоро,1
охотника,1
напиток,1
овир,1
теннисная,1
астробод,1
вебсум,1
махал,1
да,1
инженеринг,1
физической,1
флореаль,1
116,1
мукими,1
462,1
галилейка,1
био,1
музыкальной,1
муссобака,1
дюсш,1
сундук,1
мая,1
бэбимед,1
катартальский,1
big-pharm,1
материалов,1
муаллим,1
даймонд,1
нозикнихол,1
а.таймазова,1
курсы,1
марк,1
хушбахт,1
алес-полизол,1
населения,1
vid,1
карантину,1
автомобильного,1
мараканда,1
убай,1
авиационнотранспортная,1
г.ташкента,1
гаучо,1
финасовом,1
барокко,1
канот,1
ал-авлод,1
круглосуточный,1
yaran,1
марьям-луч,1
планетарий,1
бибигонна,1
ботакоз,1
тюз,1
333,1
рашидову,1
общей,1
260,1
гранула,1
китайского,1
клан,1
слон,1
жиззах,1
агенство,1
спирт,1
фортуна,1
универсам,1
удобно,1
морфологический,1
канады,1
крокус,1
легкой,1
инсон,1
хордык,1
довон,1
турция-узбекистан,1
кинг,1
ozbekkomunxizmat,1
овчарова,1
черчиль,1
стальмонтаж,1
администрации,1
хиругии,1
438,1
константиновича,1
65,1
великого,1
фемили,1
бектопи,1
бенекс,1
дипломатии,1
капля,1
максиму,1
360,1
фармакс,1
гулбозор,1
rema,1
chambil,1
юпс,1
mmtp,1
котельник,1
кувшин,1
м.горького,1
стратегического,1
аэронавтики,1
450,1
quyichirchiq,1
регистон,1
елена,1
n2,1
изуми,1
микс,1
национальная,1
абдурахман,1
софпластитал,1
производящий,1
потолочные,1
терапии,1
respublikasi,1
избоскан,1
аль-фаргоний,1
сайхон,1
стэйк,1
поликлиники,1
пегас,1
фас,1
гиз,1
пожарка,1
лутфи,1
417,1
аптека-24|7,1
orion,1
себзор-мед,1
100208,1
садаф,1
юнусх,1
коралл,1
ахмада,1
косметология,1
хусанхона,1
комолот,1
мехнатского,1
атс297,1
полянка,1
кувейта,1
179,1
чан,1
градус-мед,1
космо,1
девятки,1
эстрадно-цирковой,1
даврон,1
текстильная,1
кефаят,1
драйд,1
сп,1
сас,1
мухаммаджана,1
мдц,1
fort,1
100213,1
продуктовый,1
мурабий,1
мехрибон,1
220,1
356,1
замин,1
столовка,1
431,1
предприятия,1
205,1
парковка,1
fitrat,1
чаррингтон,1
132,1
сандэй,1
130,1
танаффус,1
ором,1
колдергоч,1
олами,1
кутб,1
зебу-зар,1
автосервис,1
сайёра,1
куйликота,1
гузалбог,1
эдюкейшн,1
собес,1
имам,1
раж,1
60,1
медецинский,1
паризод,1
плаза,1
таробий,1
бухгалтеров,1
шайх,1
литературный,1
дерматология,1
нуроний,1
богча,1
элегеа,1
кубрарик,1
штампы,1
qatortol,1
югнаки,1
спект,1
олимпийского,1
китчен,1
антига,1
умняшки,1
leader,1
хумдонсой,1
шох,1
cемейная,1
юлдуз,1
жм,1
генерала,1
коракум,1
агат,1
юнусабадское,1
вин,1
кундуз,1
литовской,1
benom,1
003,1
сориз,1
асалбону,1
сергея,1
559,1
тойхонаси,1
железнодорожного,1
сифат,1
промстрой,1
марказий,1
киётобод,1
кингдом,1
врачей,1
корабль,1
нозим,1
афродита,1
дилафкоф,1
359,1
инфикционная,1
кураш,1
наргизки,1
таеквондист,1
34,1
oltinqol,1
анжир,1
хавуз,1
прокуратуры,1
янг,1
257|258,1
жукналистики,1
медицинской,1
баликча,1
неизвестные,1
73,1
элиза,1
шашлик,1
маг.,1
оскар,1
пожарной,1
федерация,1
кушжувоз,1
картингу,1
изобразительного,1
temiryolchilar,1
копыта,1
лада,1
хроники,1
универсал,1
еш,1
уфк,1
ммпс,1
айстуди,1
rim,1
иордании,1
ульяна,1
эшонгузар-миллий,1
61,1
ao,1
дилер,1
дилшод,1
ранняя,1
жуманбулбул,1
лочиг,1
138,1
куши,1
башлык,1
байк,1
ховуз,1
303,1
64,1
интерспорт,1
ul,1
эвента.,1
атланта,1
максим,1
чапан,1
алкобар,1
тииб,1
самара,1
шаршара,1
186,1
машхура,1
дориломон,1
спартак,1
узтаминот,1
билиол,1
роддом,1
томчи,1
олд,1
принц,1
изучения,1
руз,1
фритто,1
мотуридийи,1
текстильного,1
ховенди,1
бедозор,1
романова,1
здоровье,1
воздух,1
кожно,1
кемпси,1
ягона,1
алча,1
мулла,1
укчи,1
сферы,1
чи,1
atc237,1
toshkent,1
магнолия,1
шайхонтохур,1
банкком.,1
хасият,1
ванда,1
халкбанк,1
связь,1
эпидемиологии,1
медведя,1
кофешоп,1
национальный,1
csb,1
память,1
ташхти,1
саратон,1
среднеазиатский,1
юнисев,1
182,1
фаррух,1
ташкальян,1
кукельдаш,1
макара,1
камунал,1
abdurauf,1
дилкаш,1
консульский,1
платежи,1
байот,1
кадрдон,1
пиксель,1
узинфоком,1
империя,1
тоамлори,1
пом,1
586,1
суд,1
янгиюль,1
ориентир,1
эдисон,1
дзюдо,1
кавказ,1
районный,1
самовар,1
сутка,1
палас,1
гэс,1
exclisuve,1
фудзияма,1
аравии,1
63315,1
pochta,1
хакимзода,1
анзор,1
зерафшан,1
студио,1
the,1
икки,1
мастерские,1
ребенка,1
скалодром,1
багизаган,1
йулчи,1
диагностики,1
колобок,1
шайхонтоур,1
мукомольный,1
переспектива,1
атс51,1
марварид,1
гав,1
shifo,1
урологии,1
казы,1
n1,1
чохонаси,1
ёркин,1
узбечка,1
социальной,1
tahtagul,1
каромат,1
аширова,1
свис,1
отделения,1
у.,1
диасон,1
газ,1
шахристон,1
avtotest,1
ясли,1
сафо,1
тасанно,1
лэйк,1
петак,1
тезикова,1
ца,1
18|1,1
согломжон,1
купир,1
кальянная,1
филиала,1
тч1,1
брэнд,1
эрудит,1
оф,1
276,1
канибодом,1
283,1
кустанай,1
пивас,1
браухауз,1
биотрон,1
аморемио,1
тожиполвона,1
7-27,1
карчер-азия,1
диет-кафе,1
mtp83,1
смеси,1
сайдуллаевых,1
388,1
437,1
kichkintoy,1
болалар,1
миробадское,1
жертв,1
мо,1
сквер,1
алпа,1
532,1
строитель,1
азата,1
монако,1
гулхани,1
юного,1
тц8,1
uzlidep,1
яшнабадскогоа,1
френдс,1
насб,1
д.смит,1
карамзина,1
23-1,1
айкидо,1
221|224,1
богодоб,1
ктмп,1
123,1
нуравшон,1
давр-банк,1
объединение,1
квд,1
isp,1
протезирования,1
куламки,1
xalqbank,1
абразивный,1
банковское,1
ким,1
медас,1
рим,1
кой,1
байпак,1
спортивные,1
кукси,1
99913,1
ш.махмудов,1
ltz,1
лайф,1
pharmacy,1
анти,1
силк,1
гао,1
namuna,1
просветительства,1
443,1
веритас,1
саудовской,1
собира,1
подснежник,1
74,1
дурмень,1
aloqa,1
киндергаден,1
458,1
procab,1
даро,1
sh-ph,1
бинкат,1
7кв,1
63-65,1
узбекэнерго,1
грилл,1
шерозий,1
фиш,1
карим,1
дори-дармон,1
саидкасим,1
блэйз,1
мирза,1
чакар,1
элтузар,1
специальный,1
рута,1
ганиева,1
134,1
бэкери,1
сетор,1
трамвайный,1
418,1
и.в.стрельцова,1
жош-ота,1
канотча,1
словацкой,1
мбрц,1
специалистов,1
текстильный,1
паровоз,1
шурва,1
урик,1
сми,1
тановар,1
мт,1
кафе-бар,1
dmtm,1
атс247,1
япоша,1
a5,1
мармелад,1
шеки,1
264,1
pakistan,1
217,1
318,1
дала,1
г.петрова,1
мусаввир,1
329,1
мираж,1
бистрофф,1
дк,1
xxx,1
herbion,1
100050,1
акбара,1
вивальди,1
вход,1
янгикумлок,1
светлана,1
мирлюкс,1
детсад-ясли,1
моя,1
163,1
китоб,1
нокзор,1
железной,1
тургунбаевой,1
форк,1
87,1
хосиятлик,1
тпс,1
патрикс,1
ф.хужаев,1
пай,1
строй,1
гафур,1
модный,1
bilol,1
азербайджана,1
таможенный,1
асалтой,1
улыбка,1
concord,1
беларусь,1
шамсинур,1
кориёгди,1
mtp92,1
бухгалтерские,1
синфдош,1
мегапланет,1
маргилан,1
тони,1
вестминстерское,1
387,1
278,1
олам,1
lor-uzd,1
milk,1
безалкогольных,1
тгэу,1
alstom,1
театр-студия,1
221,1
ремеди,1
нигми,1
233|232|236,1
вудман,1
сингапурсккий,1
госавианадзор,1
тц5,1
училище,1
afruz,1
микробиологии,1
маселко,1
макон,1
центров,1
планета,1
262,1
сарай,1
ит,1
белый,1
линукс.уз,1
style,1
карго,1
стадион,1
286,1
milliu,1
лэнгарт,1
122,1
автодорожный,1
салюс,1
дода,1
антимонопольный,1
бурдж,1
336,1
травматология,1
1-1a,1
570,1
66,1
тумор,1
футбола,1
585,1
эксперементал,1
канализации,1
якубова,1
гозалбог,1
шайхантахуский,1
венгрии,1
426,1
taxi,1
foziltepa,1
ортик-ота,1
орхидея,1
turkiston,1
молочный,1
стар,1
тата,1
мандарин,1
тонус-клуб,1
rigging,1
денау,1
жби,1
ммм,1
чукуркуприк,1
intellektual,1
кошка,1
каламбур,1
хобас,1
дармонфилиал,1
401,1
107,1
а5,1
минэкономика,1
узэлектроаппарат-электрощит,1
147,1
микрокредитбанк,1
фламинго,1
бекджон,1
ауди,1
кучкор,1
вита,1
малхам,1
567,1
тож,1
минг,1
433,1
кызыларват,1
шерхан,1
х.сулайманова,1
м.толибжанова,1
к.зарипова,1
зои,1
бустонлик,1
кахар,1
хаст,1
sms,1
дубовой,1
нар,1
геликон,1
рыба,1
гарабах,1
студенческое,1
комедии,1
саф,1
247,1
имам-ат-термизийулица,1
доктор-сервис,1
швейный,1
ширинобод,1
пушкинский,1
xatb,1
зелёный,1
яшнар,1
нижнего,1
446,1
амиго,1
конверсионный,1
казырабада,1
дизайн,1
хаят,1
бойчечак,1
обсерватория,1
турткуль,1
джентельмен,1
островок,1
клеопатра,1
инспекция,1
головной,1
fibernet,1
монтаж,1
киргизской,1
42,1
шайхантохурский,1
премиум,1
инструментальный,1
го,1
астрономии,1
баскони,1
премьера,1
облака,1
nota,1
madina,1
499,1
195,1
аптека-карасу,1
дубай,1
atb,1
россии,1
вишнёвая,1
новастрой,1
авиационный,1
банокатий,1
ж|д,1
маданият,1
китая,1
максад,1
гуд,1
шашлычный,1
хатирчи,1
опортный,1
внутрих,1
иброхим,1
gorod,1
казырабад,1
aviasozlar,1
нано,1
жкх,1
мелькомбинат,1
транспорт,1
джордж-сервис,1
саиф-оптима,1
наккошлик,1
210,1
аэропорта,1
калдирокча,1
